repo,module,category,parent_module,energy,view
black,black.lines,internal,,1353495.6370116812,nested
black,dataclasses,stdlib,black.lines,184644.3913539516,nested
black,annotationlib,stdlib,black.lines,63427.615895385934,nested
black,typing,stdlib,black.lines,57211.89990436488,nested
black,reprlib,stdlib,black.lines,106680.253091383,nested
black,black.lines,internal,,941531.4767665957,flat
black,black.mode,internal,,1004974.9685448628,nested
black,enum,stdlib,black.mode,144864.17660027381,nested
black,dataclasses,stdlib,black.mode,108934.07691768275,nested
black,inspect,stdlib,black.mode,61924.82677599309,nested
black,pathlib,stdlib,black.mode,44462.084192459566,nested
black,typing,stdlib,black.mode,109124.61850132179,nested
black,_pytest,external,black.mode,68689.18243245075,nested
black,fnmatch,stdlib,black.mode,144000.14216260068,nested
black,annotationlib,stdlib,black.mode,101620.67683592268,nested
black,reprlib,stdlib,black.mode,58950.37955828509,nested
black,black.mode,internal,,162404.80456787263,flat
black,black.ranges,internal,,403032.14185387414,nested
black,dataclasses,stdlib,black.ranges,94271.81849235993,nested
black,typing,stdlib,black.ranges,81810.48153736618,nested
black,reprlib,stdlib,black.ranges,88720.35986866005,nested
black,annotationlib,stdlib,black.ranges,53871.10354887975,nested
black,difflib,stdlib,black.ranges,65359.04639294636,nested
black,black.ranges,internal,,18999.332013661926,flat
black,black.linegen,internal,,1751831.9212735062,nested
black,enum,stdlib,black.linegen,65667.36859728492,nested
black,pathlib,stdlib,black.linegen,68576.2217260582,nested
black,typing,stdlib,black.linegen,100960.81817835162,nested
black,_pytest,external,black.linegen,80161.17372752773,nested
black,pluggy,external,black.linegen,88727.51348819844,nested
black,fnmatch,stdlib,black.linegen,73258.41806406704,nested
black,functools,stdlib,black.linegen,128503.06490645887,nested
black,re,stdlib,black.linegen,39905.0567291513,nested
black,dataclasses,stdlib,black.linegen,47523.678295854326,nested
black,black.linegen,internal,,1058548.6075605538,flat
black,black.brackets,internal,,818751.7165645959,nested
black,dataclasses,stdlib,black.brackets,98859.38504759665,nested
black,typing,stdlib,black.brackets,100329.28156300727,nested
black,reprlib,stdlib,black.brackets,67814.9138612128,nested
black,annotationlib,stdlib,black.brackets,47891.73040121375,nested
black,black.brackets,internal,,503856.4056915655,flat
black,black,internal,,2115664.2087942446,nested
black,re,stdlib,black,135237.27525139615,nested
black,mypy_extensions,external,black,65060.46735827415,nested
black,click,external,black,109799.30707978262,nested
black,typing,stdlib,black,58952.206232612414,nested
black,platform,stdlib,black,95401.90977851946,nested
black,enum,stdlib,black,77894.38387352451,nested
black,locale,stdlib,black,75144.6299136315,nested
black,_pytest,external,black,92934.24412641319,nested
black,pathlib,stdlib,black,129070.34247565923,nested
black,fnmatch,stdlib,black,64099.62871149274,nested
black,gettext,stdlib,black,70717.49867911926,nested
black,encodings,stdlib,black,72503.94870461551,nested
black,inspect,stdlib,black,48516.4134377318,nested
black,unittest,stdlib,black,122419.76285207534,nested
black,tokenize,stdlib,black,41343.011310939844,nested
black,functools,stdlib,black,51554.04873764919,nested
black,pluggy,external,black,44186.350680424344,nested
black,dataclasses,stdlib,black,243726.616984202,nested
black,pathspec,external,black,67372.47239583627,nested
black,annotationlib,stdlib,black,53095.838566615756,nested
black,_py_warnings,stdlib,black,50426.731689480854,nested
black,reprlib,stdlib,black,79404.04119449039,nested
black,weakref,stdlib,black,22547.044474820075,nested
black,contextlib,stdlib,black,27286.564150224498,nested
black,black,internal,,216969.4701347136,flat
black,black.comments,internal,,1045662.8492742369,nested
black,dataclasses,stdlib,black.comments,94155.77173243502,nested
black,reprlib,stdlib,black.comments,98816.8844649593,nested
black,re,stdlib,black.comments,34525.42473748593,nested
black,functools,stdlib,black.comments,102069.87584843244,nested
black,typing,stdlib,black.comments,102557.8176460439,nested
black,pathlib,stdlib,black.comments,73452.58112512989,nested
black,_pytest,external,black.comments,140943.67192477817,nested
black,annotationlib,stdlib,black.comments,29511.598578924782,nested
black,enum,stdlib,black.comments,58799.26375533665,nested
black,fnmatch,stdlib,black.comments,45467.202129025965,nested
black,black.comments,internal,,265362.757331685,flat
black,black.nodes,internal,,1763718.1025249742,nested
black,dataclasses,stdlib,black.nodes,250524.6475422812,nested
black,pathlib,stdlib,black.nodes,85418.23367961026,nested
black,enum,stdlib,black.nodes,86064.40620255316,nested
black,fnmatch,stdlib,black.nodes,73841.42171900743,nested
black,re,stdlib,black.nodes,81128.41065886151,nested
black,functools,stdlib,black.nodes,114625.60823413142,nested
black,inspect,stdlib,black.nodes,72244.3410342722,nested
black,_pytest,external,black.nodes,91862.1583711417,nested
black,typing,stdlib,black.nodes,65993.41126456347,nested
black,annotationlib,stdlib,black.nodes,70980.6116868529,nested
black,reprlib,stdlib,black.nodes,56329.52853997897,nested
black,contextlib,stdlib,black.nodes,87770.07632228163,nested
black,logging,stdlib,black.nodes,80401.11878915461,nested
black,pluggy,external,black.nodes,113357.31996261534,nested
black,mypy_extensions,external,black.nodes,17750.09901100043,nested
black,collections,stdlib,black.nodes,95881.7496392199,nested
black,black.nodes,internal,,319544.9598674481,flat
black,black.files,internal,,3409887.884411428,nested
black,re,stdlib,black.files,1097033.0432347464,nested
black,pathlib,stdlib,black.files,127980.84245627405,nested
black,packaging,external,black.files,104922.00615568728,nested
black,collections,stdlib,black.files,83950.77910759523,nested
black,typing,stdlib,black.files,158613.9963838169,nested
black,sysconfig,stdlib,black.files,77160.95362087057,nested
black,enum,stdlib,black.files,88387.93489685244,nested
black,_pytest,external,black.files,78248.55992595288,nested
black,tomllib,stdlib,black.files,412778.6695576921,nested
black,functools,stdlib,black.files,71219.96670630066,nested
black,annotationlib,stdlib,black.files,199652.35677437074,nested
black,pathspec,external,black.files,76477.35086438949,nested
black,unittest,stdlib,black.files,303200.92340619036,nested
black,logging,stdlib,black.files,56937.7304538539,nested
black,contextlib,stdlib,black.files,69394.62174166422,nested
black,fnmatch,stdlib,black.files,72074.3372853969,nested
black,threading,stdlib,black.files,132754.34434635646,nested
black,pluggy,external,black.files,60842.50278697858,nested
black,mypy_extensions,external,black.files,64850.890801864385,nested
black,_py_warnings,stdlib,black.files,63208.34930875345,nested
black,black.files,internal,,10197.724595821184,flat
black,black.report,internal,,545077.0332534297,nested
black,dataclasses,stdlib,black.report,94308.81634839078,nested
black,enum,stdlib,black.report,79155.1211525247,nested
black,click,external,black.report,153455.153727266,nested
black,typing,stdlib,black.report,79074.28373953988,nested
black,annotationlib,stdlib,black.report,72876.01925141057,nested
black,reprlib,stdlib,black.report,59849.410410531076,nested
black,black.report,internal,,6358.228623766712,flat
black,black.debug,internal,,466917.351960052,nested
black,reprlib,stdlib,black.debug,106058.33215674953,nested
black,dataclasses,stdlib,black.debug,93620.86573332243,nested
black,inspect,stdlib,black.debug,82639.03545106709,nested
black,typing,stdlib,black.debug,89571.42101882643,nested
black,annotationlib,stdlib,black.debug,83903.54258162956,nested
black,black.debug,internal,,11124.155018456899,flat
black,black.parsing,internal,,885241.1357616144,nested
black,logging,stdlib,black.parsing,52575.744984347184,nested
black,typing,stdlib,black.parsing,42299.247287632264,nested
black,ast,stdlib,black.parsing,6944.66618934581,nested
black,_py_warnings,stdlib,black.parsing,51367.03237656926,nested
black,warnings,stdlib,black.parsing,48672.93483391784,nested
black,contextlib,stdlib,black.parsing,177713.56749183335,nested
black,enum,stdlib,black.parsing,29025.905332175575,nested
black,black.parsing,internal,,476642.0372657932,flat
black,black.strings,internal,,708301.423191907,nested
black,re,stdlib,black.strings,119717.983403955,nested
black,pathlib,stdlib,black.strings,83877.34469335602,nested
black,enum,stdlib,black.strings,46408.49145354969,nested
black,_pytest,external,black.strings,85437.50092067022,nested
black,annotationlib,stdlib,black.strings,74082.57287165384,nested
black,functools,stdlib,black.strings,98298.40586563651,nested
black,typing,stdlib,black.strings,72980.82869384691,nested
black,fnmatch,stdlib,black.strings,72852.51619098733,nested
black,black.strings,internal,,54645.77909825146,flat
black,black.trans,internal,,730431.2081360689,nested
black,annotationlib,stdlib,black.trans,105982.14265940944,nested
black,typing,stdlib,black.trans,75354.4622909682,nested
black,dataclasses,stdlib,black.trans,88824.39949380103,nested
black,reprlib,stdlib,black.trans,68488.88016525122,nested
black,_pytest,external,black.trans,75389.46199272355,nested
black,pathlib,stdlib,black.trans,72208.29908324056,nested
black,pluggy,external,black.trans,108543.00741209398,nested
black,fnmatch,stdlib,black.trans,28220.770218128742,nested
black,re,stdlib,black.trans,23514.4983909151,nested
black,black.trans,internal,,83905.2864295371,flat
black,black.cache,internal,,1611424.534863529,nested
black,re,stdlib,black.cache,212510.87580803627,nested
black,_pytest,external,black.cache,70397.40138376452,nested
black,platformdirs,external,black.cache,99988.26630442664,nested
black,dataclasses,stdlib,black.cache,94937.51795692126,nested
black,pluggy,external,black.cache,94413.19497471221,nested
black,pathlib,stdlib,black.cache,87637.33258711938,nested
black,fnmatch,stdlib,black.cache,73856.60699608174,nested
black,configparser,stdlib,black.cache,92314.34786466192,nested
black,typing,stdlib,black.cache,66586.71873742342,nested
black,inspect,stdlib,black.cache,71687.92713179161,nested
black,collections,stdlib,black.cache,92180.83803573021,nested
black,enum,stdlib,black.cache,90708.14531251573,nested
black,functools,stdlib,black.cache,96148.57645195843,nested
black,tempfile,stdlib,black.cache,137908.37153456197,nested
black,hashlib,stdlib,black.cache,35058.71496692922,nested
black,annotationlib,stdlib,black.cache,77110.10224273404,nested
black,reprlib,stdlib,black.cache,30601.35044787257,nested
black,_compat_pickle,stdlib,black.cache,33559.478132396885,nested
black,pickle,stdlib,black.cache,44888.312313414586,nested
black,black.cache,internal,,8930.455680475965,flat
black,black.handle_ipynb_magics,internal,,1384456.8253733083,nested
black,inspect,stdlib,black.handle_ipynb_magics,103254.57357636261,nested
black,hmac,stdlib,black.handle_ipynb_magics,74932.50624197778,nested
black,dataclasses,stdlib,black.handle_ipynb_magics,189161.9703616116,nested
black,annotationlib,stdlib,black.handle_ipynb_magics,97655.78642938794,nested
black,_pytest,external,black.handle_ipynb_magics,95326.19507536867,nested
black,pathlib,stdlib,black.handle_ipynb_magics,67658.60415116402,nested
black,fnmatch,stdlib,black.handle_ipynb_magics,68510.34189531424,nested
black,pluggy,external,black.handle_ipynb_magics,89123.80964388605,nested
black,typing,stdlib,black.handle_ipynb_magics,96645.28672114636,nested
black,re,stdlib,black.handle_ipynb_magics,97236.89499409923,nested
black,enum,stdlib,black.handle_ipynb_magics,100179.17110834789,nested
black,secrets,stdlib,black.handle_ipynb_magics,96450.31269017184,nested
black,reprlib,stdlib,black.handle_ipynb_magics,71913.46035333903,nested
black,random,stdlib,black.handle_ipynb_magics,67398.02062393934,nested
black,functools,stdlib,black.handle_ipynb_magics,59603.45602226112,nested
black,black.handle_ipynb_magics,internal,,9406.435484930334,flat
black,black.output,internal,,784371.573777108,nested
black,difflib,stdlib,black.output,74563.14909608611,nested
black,re,stdlib,black.output,74685.04297084978,nested
black,click,external,black.output,93526.03628474842,nested
black,tempfile,stdlib,black.output,119586.63967726161,nested
black,mypy_extensions,external,black.output,87043.46946494233,nested
black,typing,stdlib,black.output,86492.13895357146,nested
black,enum,stdlib,black.output,123859.66566837547,nested
black,encodings,stdlib,black.output,116478.15211168192,nested
black,black.output,internal,,8137.279549590952,flat
black,black.numerics,internal,,42291.83417541031,nested
black,black.numerics,internal,,42291.83417541031,flat
black,black.concurrency,internal,,3041917.083025042,nested
black,multiprocessing,stdlib,black.concurrency,966926.4630528657,nested
black,signal,stdlib,black.concurrency,213860.29104352184,nested
black,asyncio,stdlib,black.concurrency,236629.04177623065,nested
black,hmac,stdlib,black.concurrency,78179.81880708825,nested
black,pathlib,stdlib,black.concurrency,98196.81579650477,nested
black,enum,stdlib,black.concurrency,164374.38874381606,nested
black,concurrent,stdlib,black.concurrency,82032.76860643887,nested
black,tempfile,stdlib,black.concurrency,53107.36305287418,nested
black,selectors,stdlib,black.concurrency,131590.9773207908,nested
black,functools,stdlib,black.concurrency,21517.513900878817,nested
black,threading,stdlib,black.concurrency,76665.88735485764,nested
black,_pytest,external,black.concurrency,251354.8090268924,nested
black,logging,stdlib,black.concurrency,203451.82647877172,nested
black,socket,stdlib,black.concurrency,187202.19485332735,nested
black,traceback,stdlib,black.concurrency,137622.43905018317,nested
black,textwrap,stdlib,black.concurrency,136156.0911786258,nested
black,black.concurrency,internal,,3048.392981374835,flat
black,black.rusty,internal,,87483.52227217332,nested
black,typing,stdlib,black.rusty,62428.64596301689,nested
black,black.rusty,internal,,25054.87630915643,flat
black,black._width_table,internal,,111412.98328411342,nested
black,black._width_table,internal,,111412.98328411342,flat
requests,requests.models,internal,,3290825.527421588,nested
requests,urllib,stdlib,requests.models,230821.2841053295,nested
requests,pathlib,stdlib,requests.models,227155.80790913754,nested
requests,stringprep,stdlib,requests.models,225946.28770962413,nested
requests,_pytest,external,requests.models,225004.13735801182,nested
requests,socket,stdlib,requests.models,196120.03986722708,nested
requests,urllib3,external,requests.models,221786.45164991304,nested
requests,encodings,stdlib,requests.models,212592.11382460326,nested
requests,charset_normalizer,external,requests.models,366529.4057120038,nested
requests,pluggy,external,requests.models,229778.39922086074,nested
requests,re,stdlib,requests.models,282520.51695037173,nested
requests,typing,stdlib,requests.models,210523.7782172803,nested
requests,fnmatch,stdlib,requests.models,205189.6969566723,nested
requests,http,stdlib,requests.models,186996.5148310805,nested
requests,threading,stdlib,requests.models,210567.13542486916,nested
requests,requests.models,internal,,59293.95768460365,flat
requests,requests.compat,internal,,7632029.834130949,nested
requests,re,stdlib,requests.compat,2325800.5145702465,nested
requests,pathlib,stdlib,requests.compat,995278.6280314861,nested
requests,fnmatch,stdlib,requests.compat,283305.47230449016,nested
requests,encodings,stdlib,requests.compat,569557.8095161554,nested
requests,enum,stdlib,requests.compat,305612.438079132,nested
requests,charset_normalizer,external,requests.compat,408739.93649219995,nested
requests,_pytest,external,requests.compat,551182.243446512,nested
requests,calendar,stdlib,requests.compat,232173.38143865473,nested
requests,http,stdlib,requests.compat,262842.3701262083,nested
requests,pluggy,external,requests.compat,233964.36011248158,nested
requests,urllib,stdlib,requests.compat,240842.99278358454,nested
requests,logging,stdlib,requests.compat,231073.15570169492,nested
requests,functools,stdlib,requests.compat,214384.15836673984,nested
requests,typing,stdlib,requests.compat,238339.62325838936,nested
requests,importlib,stdlib,requests.compat,234398.15026926456,nested
requests,_weakrefset,stdlib,requests.compat,290146.41314075224,nested
requests,requests.compat,internal,,14388.186492957217,flat
requests,requests.packages,internal,,1975258.988932738,nested
requests,re,stdlib,requests.packages,198317.8327303796,nested
requests,idna,external,requests.packages,276347.5084420155,nested
requests,_pytest,external,requests.packages,221902.2549549265,nested
requests,pathlib,stdlib,requests.packages,246218.95773988476,nested
requests,typing,stdlib,requests.packages,184816.4539574275,nested
requests,fnmatch,stdlib,requests.packages,217486.50981684547,nested
requests,pluggy,external,requests.packages,212836.97819878074,nested
requests,enum,stdlib,requests.packages,214489.20408270665,nested
requests,requests.packages,internal,,202843.28900977163,flat
requests,requests.utils,internal,,3733366.7699496443,nested
requests,pluggy,external,requests.utils,228994.22571336193,nested
requests,pathlib,stdlib,requests.utils,243027.78837007022,nested
requests,typing,stdlib,requests.utils,217038.8306085582,nested
requests,importlib,stdlib,requests.utils,234106.11023539703,nested
requests,re,stdlib,requests.utils,226924.68938106968,nested
requests,urllib,stdlib,requests.utils,253203.03886271906,nested
requests,_pytest,external,requests.utils,221900.67304863466,nested
requests,contextlib,stdlib,requests.utils,232651.47521404948,nested
requests,certifi,external,requests.utils,208281.42585433624,nested
requests,functools,stdlib,requests.utils,228429.87397997698,nested
requests,fnmatch,stdlib,requests.utils,218139.72353808803,nested
requests,weakref,stdlib,requests.utils,211802.94823926612,nested
requests,urllib3,external,requests.utils,304760.445821478,nested
requests,netrc,stdlib,requests.utils,246161.5226221981,nested
requests,enum,stdlib,requests.utils,241752.87163154315,nested
requests,unittest,stdlib,requests.utils,180308.67808475124,nested
requests,requests.utils,internal,,35882.44874414617,flat
requests,requests.certs,internal,,1060457.857441613,nested
requests,pathlib,stdlib,requests.certs,204694.20887010347,nested
requests,certifi,external,requests.certs,235433.85030720077,nested
requests,_pytest,external,requests.certs,203737.5364668488,nested
requests,fnmatch,stdlib,requests.certs,214707.6734179551,nested
requests,pluggy,external,requests.certs,192310.5224911718,nested
requests,requests.certs,internal,,9574.065888333103,flat
requests,requests.status_codes,internal,,226830.50990005274,nested
requests,requests.status_codes,internal,,226830.50990005274,flat
requests,requests.help,internal,,200700.9214539776,nested
requests,re,stdlib,requests.help,200700.9214539776,nested
requests,requests.help,internal,,0.0,flat
requests,requests,internal,,1763493.4863981104,nested
requests,warnings,stdlib,requests,183097.9190866777,nested
requests,_pytest,external,requests,214250.56375737942,nested
requests,pathlib,stdlib,requests,235110.43481296216,nested
requests,fnmatch,stdlib,requests,246369.86867416417,nested
requests,typing,stdlib,requests,207991.13896669148,nested
requests,_py_warnings,stdlib,requests,215455.90993791056,nested
requests,logging,stdlib,requests,206584.66692737056,nested
requests,pluggy,external,requests,204681.74120136222,nested
requests,requests,internal,,49951.24303359243,flat
requests,requests.adapters,internal,,2968092.861122324,nested
requests,pathlib,stdlib,requests.adapters,237294.86096308267,nested
requests,_pytest,external,requests.adapters,220268.40862037474,nested
requests,urllib3,external,requests.adapters,307670.2411626145,nested
requests,threading,stdlib,requests.adapters,214533.8511431745,nested
requests,email,stdlib,requests.adapters,186454.25697819804,nested
requests,http,stdlib,requests.adapters,230984.98751363432,nested
requests,socket,stdlib,requests.adapters,86348.87027689401,nested
requests,urllib,stdlib,requests.adapters,265905.07097365696,nested
requests,pluggy,external,requests.adapters,225695.39894124126,nested
requests,queue,stdlib,requests.adapters,209822.94811158057,nested
requests,fnmatch,stdlib,requests.adapters,223811.48955798722,nested
requests,ssl,stdlib,requests.adapters,60155.24797228878,nested
requests,encodings,stdlib,requests.adapters,208117.39919806502,nested
requests,enum,stdlib,requests.adapters,231059.28602419267,nested
requests,requests.adapters,internal,,59970.543685339064,flat
requests,requests._internal_utils,internal,,486160.46284810145,nested
requests,re,stdlib,requests._internal_utils,229361.29012120859,nested
requests,enum,stdlib,requests._internal_utils,252669.09234354377,nested
requests,requests._internal_utils,internal,,4130.080383349117,flat
requests,requests.api,internal,,940122.2552979245,nested
requests,pathlib,stdlib,requests.api,209290.163851951,nested
requests,_pytest,external,requests.api,245433.95108446194,nested
requests,fnmatch,stdlib,requests.api,227620.88144455556,nested
requests,pluggy,external,requests.api,232155.98186537222,nested
requests,requests.api,internal,,25621.277051583715,flat
requests,requests.sessions,internal,,1065292.1029552473,nested
requests,_pytest,external,requests.sessions,236680.50241912677,nested
requests,pluggy,external,requests.sessions,233662.39075827072,nested
requests,fnmatch,stdlib,requests.sessions,244697.05145718894,nested
requests,pathlib,stdlib,requests.sessions,219720.65907696553,nested
requests,requests.sessions,internal,,130531.49924369519,flat
requests,requests.cookies,internal,,1559832.1015986349,nested
requests,http,stdlib,requests.cookies,296226.33509739273,nested
requests,urllib,stdlib,requests.cookies,222448.07795663745,nested
requests,threading,stdlib,requests.cookies,179943.84915875003,nested
requests,re,stdlib,requests.cookies,444495.0222427453,nested
requests,ipaddress,stdlib,requests.cookies,243391.7594551268,nested
requests,requests.cookies,internal,,173327.05768798274,flat
requests,requests.auth,internal,,227332.78095493492,nested
requests,requests.auth,internal,,227332.78095493492,flat
requests,requests.exceptions,internal,,992514.4413205385,nested
requests,pathlib,stdlib,requests.exceptions,238160.0776690427,nested
requests,fnmatch,stdlib,requests.exceptions,261976.0278413674,nested
requests,pluggy,external,requests.exceptions,191720.83454328118,nested
requests,_pytest,external,requests.exceptions,181515.6143655678,nested
requests,requests.exceptions,internal,,119141.88690127939,flat
requests,requests.structures,internal,,214186.02383867436,nested
requests,requests.structures,internal,,214186.02383867436,flat
requests,requests.hooks,internal,,194870.02945511183,nested
requests,requests.hooks,internal,,194870.02945511183,flat
flask,flask.templating,internal,,2022017.5847922128,nested
flask,re,stdlib,flask.templating,846171.7782949717,nested
flask,pathlib,stdlib,flask.templating,181606.32463077278,nested
flask,collections,stdlib,flask.templating,85321.48573304544,nested
flask,jinja2,external,flask.templating,254565.23883536138,nested
flask,_pytest,external,flask.templating,69115.71486469905,nested
flask,typing,stdlib,flask.templating,98906.9865616505,nested
flask,annotationlib,stdlib,flask.templating,61921.9222421758,nested
flask,_compat_pickle,stdlib,flask.templating,50029.63140674344,nested
flask,enum,stdlib,flask.templating,60434.86729597787,nested
flask,functools,stdlib,flask.templating,57595.28357690329,nested
flask,fnmatch,stdlib,flask.templating,56663.49875406647,nested
flask,pickle,stdlib,flask.templating,53169.63587192701,nested
flask,pluggy,external,flask.templating,47117.45927806236,nested
flask,contextlib,stdlib,flask.templating,50177.12913158978,nested
flask,werkzeug,external,flask.templating,46854.683643804776,nested
flask,flask.templating,internal,,2365.9446704611983,flat
flask,flask.sessions,internal,,563227.3033402254,nested
flask,itsdangerous,external,flask.sessions,75080.10464612437,nested
flask,pathlib,stdlib,flask.sessions,69067.0170316284,nested
flask,typing,stdlib,flask.sessions,65034.82292215097,nested
flask,_pytest,external,flask.sessions,60316.41278247185,nested
flask,fnmatch,stdlib,flask.sessions,59189.864340845525,nested
flask,werkzeug,external,flask.sessions,66804.52661085772,nested
flask,hmac,stdlib,flask.sessions,62321.35531927495,nested
flask,pluggy,external,flask.sessions,52755.48109747156,nested
flask,base64,stdlib,flask.sessions,44010.18422478026,nested
flask,flask.sessions,internal,,8647.53436461981,flat
flask,flask.json,internal,,337047.8667934767,nested
flask,pathlib,stdlib,flask.json,58134.03024349293,nested
flask,pluggy,external,flask.json,54181.979532904275,nested
flask,fnmatch,stdlib,flask.json,58235.38924514912,nested
flask,_pytest,external,flask.json,48684.250832791666,nested
flask,werkzeug,external,flask.json,59717.54637211264,nested
flask,json,stdlib,flask.json,41978.01396724756,nested
flask,flask.json,internal,,16116.656599778487,flat
flask,flask.sansio.scaffold,internal,,421254.7901768211,nested
flask,functools,stdlib,flask.sansio.scaffold,56420.28576023499,nested
flask,typing,stdlib,flask.sansio.scaffold,57424.10903854063,nested
flask,pathlib,stdlib,flask.sansio.scaffold,58001.27436345013,nested
flask,_pytest,external,flask.sansio.scaffold,55794.8394798388,nested
flask,fnmatch,stdlib,flask.sansio.scaffold,52885.92199965195,nested
flask,werkzeug,external,flask.sansio.scaffold,55817.26639737013,nested
flask,pluggy,external,flask.sansio.scaffold,55324.03649195211,nested
flask,flask.sansio.scaffold,internal,,29587.056645782395,flat
flask,flask.globals,internal,,4656132.416257315,nested
flask,re,stdlib,flask.globals,1189899.3107605327,nested
flask,enum,stdlib,flask.globals,541282.724778974,nested
flask,dataclasses,stdlib,flask.globals,423055.3830062757,nested
flask,pathlib,stdlib,flask.globals,315590.98235402885,nested
flask,socket,stdlib,flask.globals,118758.96871642566,nested
flask,typing,stdlib,flask.globals,200770.96310675424,nested
flask,urllib,stdlib,flask.globals,59911.83436160231,nested
flask,ssl,stdlib,flask.globals,67580.46593432895,nested
flask,inspect,stdlib,flask.globals,67788.14269113223,nested
flask,werkzeug,external,flask.globals,360928.4340815849,nested
flask,pluggy,external,flask.globals,56774.21702942434,nested
flask,_pytest,external,flask.globals,161743.94562057222,nested
flask,markupsafe,external,flask.globals,54364.206684243145,nested
flask,collections,stdlib,flask.globals,76627.17179996107,nested
flask,html,stdlib,flask.globals,49663.490857720586,nested
flask,email,stdlib,flask.globals,89357.22285453614,nested
flask,http,stdlib,flask.globals,79783.54239791712,nested
flask,fnmatch,stdlib,flask.globals,67639.56414693517,nested
flask,base64,stdlib,flask.globals,54056.61755919017,nested
flask,annotationlib,stdlib,flask.globals,52958.10733346942,nested
flask,hmac,stdlib,flask.globals,55944.65042561203,nested
flask,mimetypes,stdlib,flask.globals,51658.448971785845,nested
flask,functools,stdlib,flask.globals,51844.43535188761,nested
flask,quopri,stdlib,flask.globals,58165.46114148605,nested
flask,hashlib,stdlib,flask.globals,31794.01498630117,nested
flask,socketserver,stdlib,flask.globals,50261.36355182148,nested
flask,secrets,stdlib,flask.globals,56568.12022779494,nested
flask,pkgutil,stdlib,flask.globals,53379.67564019212,nested
flask,reprlib,stdlib,flask.globals,45402.088140701744,nested
flask,random,stdlib,flask.globals,60858.85174760301,nested
flask,weakref,stdlib,flask.globals,46637.81365479535,nested
flask,flask.globals,internal,,5082.196341725993,flat
flask,flask.config,internal,,81205.89607952199,nested
flask,typing,stdlib,flask.config,52702.53949850175,nested
flask,flask.config,internal,,28503.356581020245,flat
flask,flask.sansio.app,internal,,618806.7884259326,nested
flask,werkzeug,external,flask.sansio.app,104802.93400509357,nested
flask,typing,stdlib,flask.sansio.app,56935.0009081739,nested
flask,ast,stdlib,flask.sansio.app,94317.3576282046,nested
flask,pathlib,stdlib,flask.sansio.app,59098.2623626716,nested
flask,fnmatch,stdlib,flask.sansio.app,61250.55554567278,nested
flask,pluggy,external,flask.sansio.app,53333.35274616921,nested
flask,re,stdlib,flask.sansio.app,57152.16296539367,nested
flask,_pytest,external,flask.sansio.app,52792.55378478103,nested
flask,urllib,stdlib,flask.sansio.app,55135.87054533594,nested
flask,flask.sansio.app,internal,,23988.737934436263,flat
flask,flask.typing,internal,,188043.7681940096,nested
flask,typing,stdlib,flask.typing,116328.29928228018,nested
flask,annotationlib,stdlib,flask.typing,59376.503038666444,nested
flask,flask.typing,internal,,12338.965873062978,flat
flask,flask.app,internal,,1932803.2907307313,nested
flask,re,stdlib,flask.app,184968.86267174155,nested
flask,dataclasses,stdlib,flask.app,108024.10307105999,nested
flask,typing,stdlib,flask.app,82292.06521499992,nested
flask,pathlib,stdlib,flask.app,100113.16191988396,nested
flask,click,external,flask.app,109782.93033302356,nested
flask,annotationlib,stdlib,flask.app,54166.17646412057,nested
flask,enum,stdlib,flask.app,72992.89203935974,nested
flask,_pytest,external,flask.app,76789.7860053722,nested
flask,werkzeug,external,flask.app,90076.25624313088,nested
flask,ast,stdlib,flask.app,56771.44819202066,nested
flask,fnmatch,stdlib,flask.app,64677.40325418888,nested
flask,collections,stdlib,flask.app,53521.862564286894,nested
flask,reprlib,stdlib,flask.app,60981.33621456334,nested
flask,pluggy,external,flask.app,55904.23267317098,nested
flask,markupsafe,external,flask.app,60648.55267875475,nested
flask,blinker,external,flask.app,72892.69599027542,nested
flask,traceback,stdlib,flask.app,90961.85673380444,nested
flask,textwrap,stdlib,flask.app,56935.46693742268,nested
flask,linecache,stdlib,flask.app,44581.98390367057,nested
flask,functools,stdlib,flask.app,49078.0434307197,nested
flask,logging,stdlib,flask.app,60718.5804714339,nested
flask,contextlib,stdlib,flask.app,56470.40798668472,nested
flask,urllib,stdlib,flask.app,55099.4992723357,nested
flask,weakref,stdlib,flask.app,50188.00858140361,nested
flask,inspect,stdlib,flask.app,48708.54160059164,nested
flask,encodings,stdlib,flask.app,49507.078032577054,nested
flask,tokenize,stdlib,flask.app,38379.88365535082,nested
flask,flask.app,internal,,27570.174594783002,flat
flask,flask.signals,internal,,404833.94965385715,nested
flask,blinker,external,flask.signals,56512.578702298364,nested
flask,fnmatch,stdlib,flask.signals,54209.90031950252,nested
flask,pathlib,stdlib,flask.signals,59451.00090228443,nested
flask,functools,stdlib,flask.signals,44808.80658201786,nested
flask,_pytest,external,flask.signals,52247.69928701622,nested
flask,typing,stdlib,flask.signals,52422.51509537198,nested
flask,pluggy,external,flask.signals,45941.19726118076,nested
flask,contextlib,stdlib,flask.signals,37404.834547809674,nested
flask,flask.signals,internal,,1835.4169563753746,flat
flask,flask.cli,internal,,1486754.762244431,nested
flask,click,external,flask.cli,76720.12796260876,nested
flask,gettext,stdlib,flask.cli,57674.05331140868,nested
flask,typing,stdlib,flask.cli,50138.04124036035,nested
flask,pathlib,stdlib,flask.cli,103623.76018872608,nested
flask,locale,stdlib,flask.cli,55288.821266181716,nested
flask,_pytest,external,flask.cli,40380.63984945272,nested
flask,encodings,stdlib,flask.cli,50752.702560530044,nested
flask,functools,stdlib,flask.cli,48523.43275395523,nested
flask,inspect,stdlib,flask.cli,54783.9342605435,nested
flask,fnmatch,stdlib,flask.cli,34222.5071422877,nested
flask,traceback,stdlib,flask.cli,46705.833858540755,nested
flask,linecache,stdlib,flask.cli,39341.374161703454,nested
flask,importlib,stdlib,flask.cli,398717.56287031516,nested
flask,email,stdlib,flask.cli,53326.9881852469,nested
flask,re,stdlib,flask.cli,43381.71464026803,nested
flask,contextlib,stdlib,flask.cli,44106.143741171545,nested
flask,collections,stdlib,flask.cli,54739.31319101065,nested
flask,weakref,stdlib,flask.cli,38654.060432073755,nested
flask,textwrap,stdlib,flask.cli,42355.37524061783,nested
flask,zipfile,stdlib,flask.cli,42908.110276937114,nested
flask,tokenize,stdlib,flask.cli,10079.980371090045,nested
flask,werkzeug,external,flask.cli,42337.09819172092,nested
flask,pluggy,external,flask.cli,35068.57362679782,nested
flask,flask.cli,internal,,22924.612920882482,flat
flask,flask,internal,,199284.27754978978,nested
flask,_pytest,external,flask,54646.53649896452,nested
flask,pathlib,stdlib,flask,61948.69405056936,nested
flask,fnmatch,stdlib,flask,60960.61751019371,nested
flask,flask,internal,,21728.429490062204,flat
flask,flask.json.tag,internal,,58071.97698845247,nested
flask,flask.json.tag,internal,,58071.97698845247,flat
flask,flask.ctx,internal,,256005.61553133238,nested
flask,typing,stdlib,flask.ctx,55663.69160876679,nested
flask,werkzeug,external,flask.ctx,63004.5476245631,nested
flask,blinker,external,flask.ctx,51688.504752355184,nested
flask,re,stdlib,flask.ctx,50699.85434286485,nested
flask,flask.ctx,internal,,34949.01720278243,flat
flask,flask.testing,internal,,1155285.6339683111,nested
flask,stringprep,stdlib,flask.testing,56394.71299019117,nested
flask,_pytest,external,flask.testing,57082.62716063281,nested
flask,re,stdlib,flask.testing,58460.99592349785,nested
flask,werkzeug,external,flask.testing,85763.49054079357,nested
flask,email,stdlib,flask.testing,63912.33676085072,nested
flask,urllib,stdlib,flask.testing,63079.88860712069,nested
flask,pathlib,stdlib,flask.testing,72453.84409188386,nested
flask,importlib,stdlib,flask.testing,69918.64325354487,nested
flask,functools,stdlib,flask.testing,53807.45244734251,nested
flask,contextlib,stdlib,flask.testing,62752.66442710464,nested
flask,fnmatch,stdlib,flask.testing,61468.447512622566,nested
flask,click,external,flask.testing,85379.42017400051,nested
flask,encodings,stdlib,flask.testing,54502.18842267397,nested
flask,enum,stdlib,flask.testing,49906.80759050377,nested
flask,pluggy,external,flask.testing,53072.927231261914,nested
flask,zipfile,stdlib,flask.testing,56617.01051129874,nested
flask,gettext,stdlib,flask.testing,91108.19100930066,nested
flask,locale,stdlib,flask.testing,47527.34726168088,nested
flask,flask.testing,internal,,12076.638052005323,flat
flask,flask.sansio.blueprints,internal,,126001.71374106727,nested
flask,typing,stdlib,flask.sansio.blueprints,55107.7695147811,nested
flask,annotationlib,stdlib,flask.sansio.blueprints,48922.23218798323,nested
flask,flask.sansio.blueprints,internal,,21971.712038302936,flat
flask,flask.logging,internal,,151246.07007171272,nested
flask,logging,stdlib,flask.logging,50732.07391471694,nested
flask,werkzeug,external,flask.logging,45174.271038998384,nested
flask,_weakrefset,stdlib,flask.logging,44015.0282088468,nested
flask,flask.logging,internal,,11324.6969091506,flat
flask,flask.wrappers,internal,,102951.94887757846,nested
flask,werkzeug,external,flask.wrappers,50870.42607649758,nested
flask,flask.wrappers,internal,,52081.52280108087,flat
flask,flask.blueprints,internal,,302046.71777693945,nested
flask,pathlib,stdlib,flask.blueprints,55316.78528463133,nested
flask,pluggy,external,flask.blueprints,60309.43522180847,nested
flask,_pytest,external,flask.blueprints,65388.88561497638,nested
flask,click,external,flask.blueprints,61802.814838594684,nested
flask,fnmatch,stdlib,flask.blueprints,45897.90473761139,nested
flask,flask.blueprints,internal,,13330.892079317206,flat
flask,flask.json.provider,internal,,127862.26466854244,nested
flask,json,stdlib,flask.json.provider,50125.17995122072,nested
flask,werkzeug,external,flask.json.provider,46261.60102656589,nested
flask,flask.json.provider,internal,,31475.483690755835,flat
flask,flask.helpers,internal,,1116921.6822521477,nested
flask,pathlib,stdlib,flask.helpers,51926.866892603415,nested
flask,werkzeug,external,flask.helpers,65994.61365780965,nested
flask,typing,stdlib,flask.helpers,62690.59181869079,nested
flask,_pytest,external,flask.helpers,47639.5633565171,nested
flask,mimetypes,stdlib,flask.helpers,393668.78603531944,nested
flask,fnmatch,stdlib,flask.helpers,56266.355110641096,nested
flask,functools,stdlib,flask.helpers,57298.75783997783,nested
flask,email,stdlib,flask.helpers,55313.517825711664,nested
flask,urllib,stdlib,flask.helpers,49330.79870535418,nested
flask,re,stdlib,flask.helpers,140374.6905429549,nested
flask,enum,stdlib,flask.helpers,47209.96472624674,nested
flask,collections,stdlib,flask.helpers,18802.03995365468,nested
flask,jinja2,external,flask.helpers,47047.373581714965,nested
flask,flask.helpers,internal,,23357.762204951043,flat
flask,flask.debughelpers,internal,,47552.12119929629,nested
flask,_pytest,external,flask.debughelpers,47552.12119929629,nested
flask,flask.debughelpers,internal,,0.0,flat
flask,flask.views,internal,,44276.92205225555,nested
flask,flask.views,internal,,44276.92205225555,flat
black,re,stdlib,,1915494.506179497,flat
black,mypy_extensions,external,,234704.9266360813,flat
black,click,external,,356780.497091797,flat
black,typing,stdlib,,1506987.56461742,flat
black,platform,stdlib,,95401.90977851946,flat
black,enum,stdlib,,1155388.4226971306,flat
black,locale,stdlib,,75144.6299136315,flat
black,_pytest,external,,1130744.3589076838,flat
black,pathlib,stdlib,,938538.701966576,flat
black,fnmatch,stdlib,,716181.3853721027,flat
black,gettext,stdlib,,70717.49867911926,flat
black,encodings,stdlib,,188982.10081629743,flat
black,inspect,stdlib,,440267.11740721844,flat
black,unittest,stdlib,,425620.6862582657,flat
black,tokenize,stdlib,,41343.011310939844,flat
black,functools,stdlib,,743540.5166737075,flat
black,pluggy,external,,599193.698948909,flat
black,dataclasses,stdlib,,1683493.9562604106,flat
black,pathspec,external,,143849.82326022576,flat
black,annotationlib,stdlib,,1131661.6983243916,flat
black,_py_warnings,stdlib,,165002.11337480356,flat
black,reprlib,stdlib,,893627.7941127132,flat
black,weakref,stdlib,,22547.044474820075,flat
black,contextlib,stdlib,,362164.8297060037,flat
black,platformdirs,external,,99988.26630442664,flat
black,configparser,stdlib,,92314.34786466192,flat
black,collections,stdlib,,272013.36678254534,flat
black,tempfile,stdlib,,310602.3742646978,flat
black,hashlib,stdlib,,35058.71496692922,flat
black,_compat_pickle,stdlib,,33559.478132396885,flat
black,pickle,stdlib,,44888.312313414586,flat
black,packaging,external,,104922.00615568728,flat
black,sysconfig,stdlib,,77160.95362087057,flat
black,tomllib,stdlib,,412778.6695576921,flat
black,logging,stdlib,,393366.4207061275,flat
black,threading,stdlib,,209420.2317012141,flat
black,hmac,stdlib,,153112.32504906604,flat
black,secrets,stdlib,,96450.31269017184,flat
black,random,stdlib,,67398.02062393934,flat
black,difflib,stdlib,,139922.19548903249,flat
black,multiprocessing,stdlib,,966926.4630528657,flat
black,signal,stdlib,,213860.29104352184,flat
black,asyncio,stdlib,,236629.04177623065,flat
black,concurrent,stdlib,,82032.76860643887,flat
black,selectors,stdlib,,131590.9773207908,flat
black,socket,stdlib,,187202.19485332735,flat
black,traceback,stdlib,,137622.43905018317,flat
black,textwrap,stdlib,,136156.0911786258,flat
black,ast,stdlib,,6944.66618934581,flat
black,warnings,stdlib,,48672.93483391784,flat
requests,pathlib,stdlib,,3055951.587294686,flat
requests,certifi,external,,443715.27616153704,flat
requests,_pytest,external,,2521875.8855218445,flat
requests,fnmatch,stdlib,,2343304.395009314,flat
requests,pluggy,external,,2185800.8330461844,flat
requests,re,stdlib,,3908120.7874499983,flat
requests,encodings,stdlib,,990267.3225388237,flat
requests,enum,stdlib,,1245582.8921611183,flat
requests,charset_normalizer,external,,775269.3422042038,flat
requests,calendar,stdlib,,232173.38143865473,flat
requests,http,stdlib,,977050.2075683158,flat
requests,urllib,stdlib,,1213220.4646819276,flat
requests,logging,stdlib,,437657.8226290655,flat
requests,functools,stdlib,,442814.03234671685,flat
requests,typing,stdlib,,1058709.825008347,flat
requests,importlib,stdlib,,468504.2605046616,flat
requests,_weakrefset,stdlib,,290146.41314075224,flat
requests,stringprep,stdlib,,225946.28770962413,flat
requests,socket,stdlib,,282468.9101441211,flat
requests,urllib3,external,,834217.1386340056,flat
requests,threading,stdlib,,605044.8357267937,flat
requests,idna,external,,276347.5084420155,flat
requests,contextlib,stdlib,,232651.47521404948,flat
requests,weakref,stdlib,,211802.94823926612,flat
requests,netrc,stdlib,,246161.5226221981,flat
requests,unittest,stdlib,,180308.67808475124,flat
requests,warnings,stdlib,,183097.9190866777,flat
requests,_py_warnings,stdlib,,215455.90993791056,flat
requests,email,stdlib,,186454.25697819804,flat
requests,queue,stdlib,,209822.94811158057,flat
requests,ssl,stdlib,,60155.24797228878,flat
requests,ipaddress,stdlib,,243391.7594551268,flat
flask,re,stdlib,,2571109.370142225,flat
flask,dataclasses,stdlib,,531079.4860773357,flat
flask,typing,stdlib,,1006417.395811023,flat
flask,pathlib,stdlib,,1246332.0043166273,flat
flask,click,external,,333685.2933082275,flat
flask,annotationlib,stdlib,,277344.94126641547,flat
flask,enum,stdlib,,771827.2564310621,flat
flask,_pytest,external,,890175.576337383,flat
flask,werkzeug,external,,1184407.6955109038,flat
flask,ast,stdlib,,151088.80582022527,flat
flask,fnmatch,stdlib,,733567.9296193689,flat
flask,collections,stdlib,,289011.87324195873,flat
flask,reprlib,stdlib,,106383.42435526507,flat
flask,pluggy,external,,569782.8921902038,flat
flask,markupsafe,external,,115012.7593629979,flat
flask,blinker,external,,181093.77944492898,flat
flask,traceback,stdlib,,137667.6905923452,flat
flask,textwrap,stdlib,,99290.8421780405,flat
flask,linecache,stdlib,,83923.35806537402,flat
flask,functools,stdlib,,419376.49774303904,flat
flask,logging,stdlib,,111450.65438615084,flat
flask,contextlib,stdlib,,250911.17983436037,flat
flask,urllib,stdlib,,282557.89149174886,flat
flask,weakref,stdlib,,135479.8826682727,flat
flask,inspect,stdlib,,171280.61855226738,flat
flask,encodings,stdlib,,154761.96901578107,flat
flask,tokenize,stdlib,,48459.86402644087,flat
flask,socket,stdlib,,118758.96871642566,flat
flask,ssl,stdlib,,67580.46593432895,flat
flask,html,stdlib,,49663.490857720586,flat
flask,email,stdlib,,261910.0656263454,flat
flask,http,stdlib,,79783.54239791712,flat
flask,base64,stdlib,,98066.80178397044,flat
flask,hmac,stdlib,,118266.00574488699,flat
flask,mimetypes,stdlib,,445327.2350071053,flat
flask,quopri,stdlib,,58165.46114148605,flat
flask,hashlib,stdlib,,31794.01498630117,flat
flask,socketserver,stdlib,,50261.36355182148,flat
flask,secrets,stdlib,,56568.12022779494,flat
flask,pkgutil,stdlib,,53379.67564019212,flat
flask,random,stdlib,,60858.85174760301,flat
flask,json,stdlib,,92103.19391846829,flat
flask,itsdangerous,external,,75080.10464612437,flat
flask,jinja2,external,,301612.61241707637,flat
flask,_compat_pickle,stdlib,,50029.63140674344,flat
flask,pickle,stdlib,,53169.63587192701,flat
flask,gettext,stdlib,,148782.24432070935,flat
flask,locale,stdlib,,102816.1685278626,flat
flask,importlib,stdlib,,468636.20612386,flat
flask,zipfile,stdlib,,99525.12078823586,flat
flask,stringprep,stdlib,,56394.71299019117,flat
flask,_weakrefset,stdlib,,44015.0282088468,flat
